bin_centers,train_offset,val_offset,test_offset,train_cumulative,val_cumulative,test_cumulative
0.39976498906093183,0.03938483040803313,0.03954526654754952,0.04859018344367617,0.03141058292991061,0.028079292206268584,0.03183364122522606
1.1972949670878006,0.02288121181331017,0.02804714816799475,0.03268943000456418,0.049659035284607994,0.04698849031394051,0.05098595490954649
1.9948249451146693,0.022939551242335352,0.02839260696461147,0.0327772700537926,0.06795401508285394,0.06617320216808736,0.07020832366639793
2.792354923141538,0.026357609232902625,0.031841309001085345,0.036572914716570724,0.08897499859521155,0.08810835728160445,0.09245783282775262
3.589884901168407,0.03031424951598582,0.03600302350533382,0.040851622832479506,0.11315152134559674,0.11336260447224891,0.11811973997877141
4.387414879195275,0.033566091576175676,0.03966696946305487,0.04455670019999885,0.139921485622792,0.14153895840204628,0.14673655740129576
5.184944857222144,0.03629969964894399,0.04227416465891036,0.04699019910585462,0.16887158428619622,0.17179462865910605,0.17729416315273566
5.982474835249013,0.0392956636778444,0.045451208401845494,0.049692559016205055,0.20021105407573866,0.20458408654265928,0.21000698194409806
6.780004813275882,0.04098891702086388,0.04687125685493682,0.05133072479845191,0.23290094416673338,0.23850607563780352,0.24402628705578014
7.577534791302751,0.04150638889948046,0.04744255424624877,0.05191935540000848,0.26600353359371065,0.2728836915288876,0.2785150427181876
8.375064769329619,0.041958967213348554,0.047668936157531025,0.052049354127456475,0.29946706779340265,0.30744185378070227,0.31310747626284013
9.172594747356488,0.042337773394889526,0.047536366910284095,0.05149651863004862,0.33323271127873544,0.341894288083673,0.3472590069253926
9.970124725383357,0.04247213317721661,0.04713367876649522,0.051276634418849415,0.36710551071831526,0.37602556652017616,0.3812351733378188
10.767654703410226,0.04233422958894622,0.046976388614536395,0.0508103889829062,0.4008683279121719,0.41003140134524374,0.4148394950379622
11.565184681437094,0.0420475242564932,0.046470923083025285,0.05002391940889594,0.4344024890085371,0.4436341122560719,0.4478165836760263
12.362714659463963,0.04125474057205894,0.04579250177129462,0.04901063387335937,0.4673043813504754,0.47669576183306256,0.479985546723199
13.160244637490832,0.04013238293488872,0.04466865141092499,0.04776507788423563,0.4993111598307031,0.5088611070568422,0.5111611415297346
13.957774615517701,0.03842651669114597,0.04310589180096133,0.046157593619830524,0.5299574588430419,0.5397801046432262,0.5410547194462006
14.755304593544569,0.03656449435325229,0.04173682455429084,0.04472601672438486,0.5591187392211547,0.5696072300584558,0.5698065718726981
15.552834571571438,0.034567616862308095,0.03978930624791178,0.042724559043841356,0.5866874499377925,0.597881151241592,0.5969622017992101
16.350364549598307,0.03278355825516916,0.03791513568078832,0.041055143567496497,0.6128333204326802,0.6246603652135116,0.622786422837555
17.147894527625176,0.03082371925214951,0.03583713084074617,0.03928663815204776,0.6374161605705534,0.6497823080310127,0.6472002077907767
17.945424505652042,0.029091750781834416,0.03371448348779922,0.03756449591911553,0.660617703932353,0.6732113759517592,0.6702405326868087
18.742954483678915,0.027380397354695437,0.03162923442659611,0.035533493073243015,0.6824543916330101,0.6949773952345438,0.6916610719277997
19.54048446170578,0.02598851993862575,0.029749902351895344,0.03413112043737257,0.7031810153686131,0.7152445908490871,0.7119631769513193
20.338014439732653,0.02453510223654975,0.028083912590386974,0.03267704376217621,0.7227484949162156,0.7341831096857417,0.7311056122360202
21.13554441775952,0.023403180133876388,0.0265161725783751,0.031248535018514628,0.7414132326541449,0.7518713088650647,0.7491087689737775
21.933074395786388,0.022088275707115006,0.025139317793956516,0.03007559195494979,0.7590292946934919,0.768461425078424,0.7661764684558232
22.730604373813257,0.021005280989724578,0.024194943012851366,0.02906435185393591,0.7757816359796751,0.7842983740933595,0.7824376736423273
23.528134351840123,0.020152176393372065,0.023461827831354913,0.028069134323350592,0.7918536007758746,0.7995506417737049,0.7979051630135318
24.325664329866996,0.019380731755478706,0.022815824409319868,0.02726868761343474,0.8073103153469662,0.8142877023590696,0.8127342721377654
25.12319430789386,0.018504306629692227,0.02249046832642501,0.026602216864761198,0.822068054606747,0.828765281714792,0.8270318508604539
25.920724285920734,0.017735834216138488,0.02229270108872883,0.025958700436843334,0.8362129140794321,0.8430851357697803,0.8408162059405252
26.7182542639476,0.01680419430742746,0.02216067515806902,0.025343138280736838,0.849614762796194,0.8572996951871903,0.8541096317477626
27.515784241974472,0.016002303422773083,0.02183332691435488,0.024864392967154286,0.8623770794933374,0.871253184566984,0.8670212438155781
28.313314220001338,0.015273651194282253,0.021418595252885787,0.024162695290588364,0.8745582741947033,0.8848759130139191,0.8793732309508205
29.110844198028207,0.014486545220445554,0.020711468714804608,0.023628609609639473,0.8861117282860503,0.8979346868484762,0.8912992687446711
29.908374176055077,0.013768562515225105,0.01992311634695521,0.022878503316034277,0.8970925696462794,0.910364726036425,0.9026270742826652
30.705904154081942,0.012933824741073859,0.01892241774632313,0.022139192371299396,0.9074076826078314,0.9219966780914001,0.9133652571791497
31.503434132108815,0.01228469856638809,0.017938199748832397,0.021393063311488568,0.9172050979855496,0.9328436867884627,0.9235083797829581
32.30096411013568,0.01167954606975265,0.016819420343275493,0.020536026246442386,0.9265198861059234,0.9427984353707946,0.9329679896351121
33.09849408816255,0.011115356921387718,0.01606792295058297,0.019712284310017113,0.9353847164671986,0.9521538422540451,0.9417706405988088
33.89602406618942,0.010561341925569808,0.015024845656158747,0.019049449889383972,0.9438077032610326,0.9606773637255933,0.9500446612415827
34.693554044216285,0.009984882825443906,0.013887865144934841,0.018137299727473997,0.9517709466414096,0.968294109155008,0.9575912147857712
35.49108402224316,0.009379539801607122,0.012699088452409382,0.017264126456747998,0.9592514108132876,0.9749627695349541,0.964441386470544
36.28861400027003,0.008789972430034664,0.011618884524535043,0.01655981516940304,0.9662616773322699,0.980769934900038,0.9707298487897965
37.086143978296896,0.008179104117361412,0.01047556531979508,0.01570186902234666,0.9727847580592686,0.9856652689248879,0.976334073337239
37.88367395632376,0.007518050939876966,0.009400794557791494,0.014874036216875828,0.9787806290601535,0.9897034410475332,0.9812780764055242
38.681203934350634,0.006647303524687968,0.008313255855991537,0.014078134917010605,0.9840820528941358,0.9928742684532286,0.9855873243276165
39.4787339123775,0.005720160057926572,0.007354392632564386,0.013245302160483979,0.9886440520194442,0.9952803736934133,0.989232363159696
40.276263890404365,0.004639261139750126,0.006549559661573735,0.012418719342777048,0.99234400185429,0.9970446005119286,0.9922181774153322
41.07379386843124,0.003564611513774858,0.0058373621686797425,0.011636567908314955,0.9951868863965451,0.9982408284795853,0.9945802024546284
41.87132384645811,0.0025261620560386605,0.005303644174640709,0.010942483793583861,0.9972015763655899,0.9990114003471837,0.9963886746051542
42.66885382448498,0.0016234822819188187,0.004918161056109278,0.010337830621598858,0.9984963521542156,0.9994745378717299,0.9977149177247129
43.46638380251184,0.0009655156450946931,0.004678015124621066,0.009814540289520154,0.9992663798254326,0.999746151816813,0.9986238211172273
44.263913780538715,0.0005048589778932665,0.004517102862081638,0.009414203299310963,0.9996690199949785,0.9998894334086889,0.9992134437587368
45.06144375856558,0.00023530109355354316,0.004428451705623506,0.009151705868887106,0.99985667967095,0.9999620130457025,0.999593716830328
45.858973736592446,0.00010452322261010114,0.004368143564457913,0.008937503420251196,0.9999400400743815,0.9999864951322175,0.9998031570277656
46.65650371461932,4.667916430819277e-05,0.004350666880906923,0.008816481877653186,0.9999772681072665,0.9999970390396843,0.9999160789169942
47.45403369264619,1.7528502515729687e-05,0.004340434418516965,0.008737959919028563,0.9999912476134927,0.9999994222516458,0.9999663771902861
48.25156367067306,5.296656194970445e-06,0.004338170599404142,0.008703301167392513,0.9999954718555915,1.0000000000000002,0.9999890340701474
49.04909364869992,1.371795849057106e-06,0.004337446177288039,0.008687505867466576,0.9999965659039048,1.0000000000000002,0.9999990937248057
49.846623626726796,3.8105440251585934e-07,0.004337446177288039,0.008675801436586205,0.999996869806214,1.0000000000000002,0.9999998187449612
50.64415360475367,2.2863264150951766e-07,0.004337446177288039,0.008674892354576079,0.9999970521475996,1.0000000000000002,0.9999998187449612
51.44168358278053,3.429489622642765e-07,0.004337446177288039,0.008674892354576079,0.999997325659678,1.0000000000000002,0.9999998187449612
52.2392135608074,4.953707232706171e-07,0.004337446177288039,0.008674892354576079,0.9999977207326801,1.0000000000000002,0.9999998187449612
53.03674353883427,1.905272012579314e-07,0.004337446177288039,0.008674892354576079,0.9999978726838348,1.0000000000000002,0.9999998187449612
53.83427351686114,3.8105440251585935e-08,0.004337446177288039,0.008674892354576079,0.9999979030740659,1.0000000000000002,0.9999998187449612
54.631803494888004,1.1431632075475883e-07,0.004337446177288039,0.008674892354576079,0.9999979942447587,1.0000000000000002,0.9999998187449612
55.42933347291488,1.9052720125792967e-07,0.004337446177288039,0.008675005989827345,0.9999981461959134,1.0000000000000002,0.9999999093724806
56.22686345094175,2.6673808176110393e-07,0.004337446177288039,0.008674892354576079,0.99999835892753,1.0000000000000002,0.9999999093724806
57.024393428968615,2.2863264150951562e-07,0.004337446177288039,0.008674892354576079,0.9999985412689155,1.0000000000000002,0.9999999093724806
57.82192340699548,1.524217610063451e-07,0.004337446177288039,0.008674892354576079,0.9999986628298392,1.0000000000000002,0.9999999093724806
58.619453385022354,3.810544025158627e-08,0.004337446177288039,0.008674892354576079,0.9999986932200702,1.0000000000000002,0.9999999093724806
59.41698336304922,1.5242176100634374e-07,0.004337446177288039,0.008675005989827345,0.999998814780994,1.0000000000000002,1.0
60.214513341076085,1.1431632075475883e-07,0.004337446177288039,0.008674892354576079,0.9999989059516867,1.0000000000000002,1.0
61.01204331910296,3.8105440251585935e-08,0.004337446177288039,0.008674892354576079,0.9999989363419177,1.0000000000000002,1.0
61.80957329712983,1.905272012579314e-07,0.004337446177288039,0.008674892354576079,0.9999990882930725,1.0000000000000002,1.0
62.607103275156696,7.621088050317187e-08,0.004337446177288039,0.008674892354576079,0.9999991490735344,1.0000000000000002,1.0
63.40463325318356,1.1431632075475883e-07,0.004337446177288039,0.008674892354576079,0.9999992402442271,1.0000000000000002,1.0
64.20216323121043,1.524217610063451e-07,0.004337446177288039,0.008674892354576079,0.9999993618051509,1.0000000000000002,1.0
64.99969320923731,2.2863264150951562e-07,0.004337446177288039,0.008674892354576079,0.9999995441465365,1.0000000000000002,1.0
65.79722318726417,7.621088050317187e-08,0.004337446177288039,0.008674892354576079,0.9999996049269982,1.0000000000000002,1.0
66.59475316529104,0.0,0.004337446177288039,0.008674892354576079,0.9999996049269982,1.0000000000000002,1.0
67.39228314331791,0.0,0.004337446177288039,0.008674892354576079,0.9999996049269982,1.0000000000000002,1.0
68.18981312134477,3.8105440251585935e-08,0.004337446177288039,0.008674892354576079,0.9999996353172292,1.0000000000000002,1.0
68.98734309937166,0.0,0.004337446177288039,0.008674892354576079,0.9999996353172292,1.0000000000000002,1.0
69.78487307739852,0.0,0.004337446177288039,0.008674892354576079,0.9999996353172292,1.0000000000000002,1.0
70.58240305542537,7.621088050317187e-08,0.004337446177288039,0.008674892354576079,0.9999996960976911,1.0000000000000002,1.0
71.37993303345226,1.1431632075475781e-07,0.004337446177288039,0.008674892354576079,0.999999787268384,1.0000000000000002,1.0
72.17746301147912,3.810544025158662e-08,0.004337446177288039,0.008674892354576079,0.999999817658615,1.0000000000000002,1.0
72.97499298950598,0.0,0.004337446177288039,0.008674892354576079,0.999999817658615,1.0000000000000002,1.0
73.77252296753286,0.0,0.004337446177288039,0.008674892354576079,0.999999817658615,1.0000000000000002,1.0
74.57005294555972,3.8105440251585935e-08,0.004337446177288039,0.008674892354576079,0.999999848048846,1.0000000000000002,1.0
75.3675829235866,0.0,0.004337446177288039,0.008674892354576079,0.999999848048846,1.0000000000000002,1.0
76.16511290161347,0.0,0.004337446177288039,0.008674892354576079,0.999999848048846,1.0000000000000002,1.0
76.96264287964033,3.8105440251585935e-08,0.004337446177288039,0.008674892354576079,0.999999878439077,1.0000000000000002,1.0
77.7601728576672,0.0,0.004337446177288039,0.008674892354576079,0.999999878439077,1.0000000000000002,1.0
78.55770283569407,7.621088050317187e-08,0.004337446177288039,0.008674892354576079,0.9999999392195389,1.0000000000000002,1.0
79.35523281372093,7.621088050317187e-08,0.004337446177288039,0.008674892354576079,1.0000000000000007,1.0000000000000002,1.0
