train_bin_centers,train_density,val_bin_centers,val_density,test_bin_centers,test_density
0.39976498906093183,0.03938483040803313,0.24166999165492598,0.04296443899258762,0.2999450046248967,0.04534195270704977
1.1972949670878006,0.02288121181331017,0.723009974869783,0.02346375094543162,0.8978350137796952,0.023908693991714896
1.9948249451146693,0.022939551242335352,1.2043499580846402,0.023742368640672702,1.4957250229344936,0.023969173979178957
2.792354923141538,0.026357609232902625,1.685689941299497,0.023864348277846094,2.0936150320892923,0.024165165517502352
3.589884901168407,0.03031424951598582,2.1670299245143543,0.02418752679995125,2.6915050412440906,0.02727465539930137
4.387414879195275,0.033566091576175676,2.6483699077292115,0.026556152300635655,3.2893950503988894,0.030636978912905014
5.184944857222144,0.03629969964894399,3.129709890944068,0.029535726242365636,3.8872850595536876,0.03379921825745463
5.982474835249013,0.0392956636778444,3.611049874158925,0.03170945438918992,4.485175068708486,0.03620856512648046
6.780004813275882,0.04098891702086388,4.0923898573737825,0.03427462764472934,5.083065077863285,0.038078291054724135
7.577534791302751,0.04150638889948046,4.57372984058864,0.03588706941681113,5.6809550870180825,0.039943469615489315
8.375064769329619,0.041958967213348554,5.055069823803496,0.03741879157659373,6.278845096172882,0.04176302292255347
9.172594747356488,0.042337773394889526,5.536409807018353,0.03948344322129612,6.876735105327681,0.04284287111978157
9.970124725383357,0.04247213317721661,6.017749790233211,0.041271277608206564,7.474625114482478,0.043172555261972896
10.767654703410226,0.04233422958894622,6.499089773448068,0.04207232223658151,8.072515123637277,0.043479805724603554
11.565184681437094,0.0420475242564932,6.980429756662924,0.04290862543166693,8.670405132792077,0.04319271525779431
12.362714659463963,0.04125474057205894,7.461769739877782,0.043039457219631504,9.268295141946874,0.042759502716008986
13.160244637490832,0.04013238293488872,7.943109723092639,0.04318259199683128,9.866185151101673,0.042643090108559364
13.957774615517701,0.03842651669114597,8.424449706307495,0.043410047261228414,10.46407516025647,0.042370096480933477
14.755304593544569,0.03656449435325229,8.905789689522354,0.04325100861989533,11.06196516941127,0.041849271325729034
15.552834571571438,0.034567616862308095,9.38712967273721,0.04309317027019494,11.659855178566069,0.04124735145049157
16.350364549598307,0.03278355825516916,9.868469655952067,0.04295588691470475,12.257745187720866,0.04050613055149578
17.147894527625176,0.03082371925214951,10.349809639166924,0.04265221313163084,12.855635196875665,0.03958331811119197
17.945424505652042,0.029091750781834416,10.83114962238178,0.04252798294764613,13.453525206030463,0.03850559201878734
18.742954483678915,0.027380397354695437,11.312489605596639,0.04245626552259215,14.051415215185262,0.03733722173464436
19.54048446170578,0.02598851993862575,11.793829588811494,0.04197959970795515,14.649305224340061,0.03623327248978026
20.338014439732653,0.02453510223654975,12.275169572026353,0.04142056388002394,15.24719523349486,0.03490513802822617
21.13554441775952,0.023403180133876388,12.756509555241209,0.04090968975385492,15.845085242649658,0.0333466036144278
21.933074395786388,0.022088275707115006,13.237849538456066,0.04027023438653279,16.442975251804455,0.032158982807959285
22.730604373813257,0.021005280989724578,13.719189521670923,0.03927519262302223,17.040865260959258,0.03086343781333434
23.528134351840123,0.020152176393372065,14.200529504885779,0.038401530350868865,17.638755270114054,0.029646562276087644
24.325664329866996,0.019380731755478706,14.681869488100638,0.037510913959403584,18.23664527926885,0.02805543839535996
25.12319430789386,0.018504306629692227,15.163209471315493,0.03635368278902424,18.834535288423652,0.0267032028861697
25.920724285920734,0.017735834216138488,15.644549454530353,0.03532473278688998,19.432425297578447,0.02561395679615275
26.7182542639476,0.01680419430742746,16.125889437745208,0.034262174619040055,20.03031530673325,0.02462399489608308
27.515784241974472,0.016002303422773083,16.607229420960067,0.03273870446423247,20.628205315888046,0.02343470672153925
28.313314220001338,0.015273651194282253,17.088569404174923,0.031768718788554494,21.22609532504284,0.022430344824454183
29.110844198028207,0.014486545220445554,17.569909387389778,0.030330769412577067,21.823985334197644,0.021540879745659384
29.908374176055077,0.013768562515225105,18.051249370604637,0.029058310245458064,22.42187534335244,0.020700071498884542
30.705904154081942,0.012933824741073859,18.532589353819496,0.027802205051835064,23.019765352507243,0.02009330109833655
31.503434132108815,0.01228469856638809,19.01392933703435,0.02666687920375234,23.617655361662038,0.019287810738978187
32.30096411013568,0.01167954606975265,19.495269320249207,0.025473339211483943,24.215545370816834,0.01866512455225533
33.09849408816255,0.011115356921387718,19.976609303464066,0.024523458420653958,24.813435379971637,0.018195533070642124
33.89602406618942,0.010561341925569808,20.45794928667892,0.023504410824489324,25.411325389126432,0.017730488956507418
34.693554044216285,0.009984882825443906,20.939289269893777,0.022551379268123672,26.009215398281235,0.017192686962716697
35.49108402224316,0.009379539801607122,21.420629253108636,0.02164170824698907,26.60710540743603,0.016718396534709037
36.28861400027003,0.008789972430034664,21.901969236323495,0.020878022695682234,27.20499541659083,0.01642948712090837
37.086143978296896,0.008179104117361412,22.38330921953835,0.02010638521230843,27.80288542574563,0.015862885133087045
37.88367395632376,0.007518050939876966,22.864649202753206,0.019776154976861294,28.400775434900424,0.015452712586526252
38.681203934350634,0.006647303524687968,23.345989185968065,0.019239324544135076,28.998665444055227,0.015057091615896663
39.4787339123775,0.005720160057926572,23.82732916918292,0.01894345265667376,29.596555453210023,0.014534902250448794
40.276263890404365,0.004639261139750126,24.308669152397776,0.01849604395058402,30.194445462364822,0.013912822379389936
41.07379386843124,0.003564611513774858,24.790009135612635,0.01817391568365734,30.79233547151962,0.013396089854916185
41.87132384645811,0.0025261620560386605,25.271349118827494,0.018161612694422274,31.390225480674417,0.012881327856349867
42.66885382448498,0.0016234822819188187,25.75268910204235,0.017957713153316793,31.98811548982922,0.012166784846561408
43.46638380251184,0.0009655156450946931,26.234029085257205,0.01790940141510065,32.586005498984015,0.011536216556209332
44.263913780538715,0.0005048589778932665,26.715369068472064,0.017857038692624002,33.18389550813882,0.010951576677389916
45.06144375856558,0.00023530109355354316,27.19670905168692,0.01761638022026701,33.78178551729361,0.010480317827701388
45.858973736592446,0.00010452322261010114,27.678049034901775,0.01740797958553916,34.37967552644841,0.009849446379517223
46.65650371461932,4.667916430819277e-05,28.159389018116634,0.017129962036114308,34.97756553560321,0.009143694946853976
47.45403369264619,1.7528502515729687e-05,28.640729001331493,0.01687009889763433,35.57545554475801,0.008497059291411126
48.25156367067306,5.296656194970445e-06,29.12206898454635,0.01636597641189914,36.17334555391281,0.007988815186230564
49.04909364869992,1.371795849057106e-06,29.603408967761204,0.01596822977211245,36.771235563067606,0.0074025079393359216
49.846623626726796,3.8105440251585934e-07,30.084748950976063,0.01533747651912715,37.3691255722224,0.006732225973004786
50.64415360475367,2.2863264150951766e-07,30.566088934190923,0.014813249148544424,37.967015581377204,0.006090592421788366
51.44168358278053,3.429489622642765e-07,31.047428917405774,0.014154289042190724,38.564905590532,0.005507771489960481
52.2392135608074,4.953707232706171e-07,31.528768900620634,0.013577098803314785,39.1627955996868,0.004926617926207987
53.03674353883427,1.905272012579314e-07,32.01010888383549,0.012750698014199181,39.7606856088416,0.004242239120693637
53.83427351686114,3.8105440251585935e-08,32.49144886705035,0.012355051884769512,40.358575617996394,0.003667148713579159
54.631803494888004,1.1431632075475883e-07,32.972788850265204,0.011867583445438193,40.956465627151196,0.0030720498895593644
55.42933347291488,1.9052720125792967e-07,33.45412883348006,0.011312298528859347,41.55435563630599,0.002514542636695135
56.22686345094175,2.6673808176110393e-07,33.93546881669492,0.010618980074519375,42.152245645460795,0.002062534309332105
57.024393428968615,2.2863264150951562e-07,34.416808799909774,0.009959269785895243,42.75013565461559,0.0016073428247341739
57.82192340699548,1.524217610063451e-07,34.89814878312463,0.00921733952043112,43.348025663770386,0.001191865016115113
58.619453385022354,3.810544025158627e-08,35.37948876633949,0.008567231564868471,43.94591567292519,0.0008921934992819076
59.41698336304922,1.5242176100634374e-07,35.860828749554344,0.00783985483545073,44.543805682079984,0.000636631446990148
60.214513341076085,1.1431632075475883e-07,36.34216873276921,0.007198749067133486,45.14169569123479,0.00045109885386729955
61.01204331910296,3.8105440251585935e-08,36.82350871598406,0.006493127623558576,45.73958570038958,0.000283604151742516
61.80957329712983,1.905272012579314e-07,37.304848699198914,0.005863724698660085,46.33747570954438,0.00018522943529094088
62.607103275156696,7.621088050317187e-08,37.78618868241378,0.00517040624432028,46.93536571869918,0.00010807576707237514
63.40463325318356,1.1431632075475883e-07,38.26752866562863,0.004525849637559016,47.53325572785398,5.699367239721325e-05
64.20216323121043,1.524217610063451e-07,38.74886864884349,0.0038830934682468634,48.13114573700878,3.031578319000669e-05
64.99969320923731,2.2863264150951562e-07,39.23020863205835,0.0033231574215910713,48.729035746163575,2.0614732569204794e-05
65.79722318726417,7.621088050317187e-08,39.7115486152732,0.0027531689325114525,49.32692575531837,5.456840974201204e-06
66.59475316529104,0.0,40.19288859848806,0.002311611648131039,49.92481576447317,6.06315663800141e-07
67.39228314331791,0.0,40.67422858170292,0.0018464986404587707,50.522705773627976,0.0
68.18981312134477,3.8105440251585935e-08,41.15556856491777,0.001414543689139944,51.12059578278277,0.0
68.98734309937166,0.0,41.63690854813264,0.0011014176094586688,51.71848579193757,0.0
69.78487307739852,0.0,42.11824853134749,0.000820849440314462,52.31637580109236,0.0
70.58240305542537,7.621088050317187e-08,42.59958851456234,0.0006005959257135336,52.914265810247166,0.0
71.37993303345226,1.1431632075475781e-07,43.08092849777721,0.00043735626366598815,53.51215581940197,0.0
72.17746301147912,3.810544025158662e-08,43.56226848099206,0.00032437881373786637,54.110045828556764,0.0
72.97499298950598,0.0,44.04360846420691,0.00021575242097828163,54.70793583771156,0.0
73.77252296753286,0.0,44.52494844742178,0.00014268466783751447,55.305825846866355,1.5157891595003344e-07
74.57005294555972,3.8105440251585935e-08,45.00628843063663,9.57232577080276e-05,55.90371585602116,0.0
75.3675829235866,0.0,45.48762841385149,4.8911884032629245e-05,56.50160586517596,0.0
76.16511290161347,0.0,45.96896839706635,2.82068533685097e-05,57.099495874330756,0.0
76.96264287964033,3.8105440251585935e-08,46.4503083802812,1.6954119311923382e-05,57.69738588348555,0.0
77.7601728576672,0.0,46.93164836349606,6.901676888039709e-06,58.29527589264035,0.0
78.55770283569407,7.621088050317187e-08,47.41298834671092,3.3008019899319863e-06,58.89316590179515,0.0
79.35523281372093,7.621088050317187e-08,47.89432832992577,1.8004374490538105e-06,59.491055910949946,1.5157891595003524e-07
